{
  "n_questions": 50,
  "n_correct": 26,
  "accuracy": 0.52,
  "auroc_sigma2_answer": 0.7748397435897436,
  "auroc_sigma2_token": 0.3974358974358974,
  "auroc_mean_confidence_inv": 0.8974358974358975,
  "ece_sigma2_answer": 0.14285714285714285,
  "ece_sigma2_token": 0.44122637381961116,
  "pearson_rho_sigma2_answer_vs_difficulty": 0.06011647671287688,
  "pearson_rho_sigma2_token_vs_difficulty": 0.059194164501077784,
  "pearson_rho_mean_conf_vs_neg_difficulty": 0.03198981968262887,
  "by_difficulty": {
    "easy": {
      "n": 20,
      "accuracy": 0.7,
      "mean_sigma2_answer": 0.5196428571428572,
      "mean_sigma2_token": 0.03557631822646986,
      "mean_confidence": 0.3961610575997838
    },
    "medium": {
      "n": 17,
      "accuracy": 0.47058823529411764,
      "mean_sigma2_answer": 0.5483193277310925,
      "mean_sigma2_token": 0.0399270021516029,
      "mean_confidence": 0.33724684263677984
    },
    "hard": {
      "n": 13,
      "accuracy": 0.3076923076923077,
      "mean_sigma2_answer": 0.554945054945055,
      "mean_sigma2_token": 0.04218430060867651,
      "mean_confidence": 0.3778244602768749
    }
  },
  "most_uncertain_q": "The capital of Italy is [MASK].",
  "most_certain_q": "Albert Einstein developed the theory of [MASK].",
  "k_stability_auroc": {
    "1": 0.5,
    "2": 0.5801282051282052,
    "3": 0.6738782051282052,
    "4": 0.7588141025641025,
    "5": 0.7411858974358975,
    "6": 0.7780448717948718,
    "7": 0.7652243589743589,
    "8": 0.7748397435897436
  }
}