{
  "n": 170,
  "k": 8,
  "bpfc": {
    "auroc_mean": 0.867735044798596,
    "auroc_ci_lo": 0.8134736842105263,
    "auroc_ci_hi": 0.9156609793313913,
    "ece": 0.1386784167424417
  },
  "majority_conf": {
    "auroc_mean": 0.9167052129351007,
    "auroc_ci_lo": 0.8706397401496964,
    "auroc_ci_hi": 0.956002331002331,
    "ece": 0.15323549161733283
  },
  "separation": {
    "mean_correct": 0.14366394880310446,
    "mean_incorrect": 0.25394811931236905,
    "delta_mu": 0.11028417050926459,
    "mw_p": 9.966739722380082e-17,
    "cohens_d": 1.6257537706951732
  },
  "correlation": {
    "pearson_r": -0.3260180381458883,
    "pearson_p": 1.4344019266454799e-05,
    "spearman_r": -0.3309903976668781,
    "spearman_p": 1.0401311442834019e-05
  },
  "k_stability": {
    "1": {
      "mean": 0.8022147203330785,
      "std": 0.03333780713322926,
      "ci_lo": 0.750143608987067,
      "ci_hi": 0.8603494659546062
    },
    "2": {
      "mean": 0.841111357098212,
      "std": 0.03016525877114622,
      "ci_lo": 0.7861121150381826,
      "ci_hi": 0.8834003018209018
    },
    "3": {
      "mean": 0.8438628716772598,
      "std": 0.020714845428377697,
      "ci_lo": 0.8069822134387352,
      "ci_hi": 0.8763292556030584
    },
    "4": {
      "mean": 0.8463623732287118,
      "std": 0.02346270794828882,
      "ci_lo": 0.8047172452407615,
      "ci_hi": 0.8790710077204389
    },
    "6": {
      "mean": 0.8488048513956872,
      "std": 0.021420626103566924,
      "ci_lo": 0.8212708778716618,
      "ci_hi": 0.888303024744004
    },
    "8": {
      "mean": 0.8522799702901426,
      "std": 0.020551255219086215,
      "ci_lo": 0.8259113729682039,
      "ci_hi": 0.8876800659575131
    },
    "12": {
      "mean": 0.8564172886925016,
      "std": 0.01936881664846218,
      "ci_lo": 0.8302679765176966,
      "ci_hi": 0.8867196704321365
    },
    "16": {
      "mean": 0.8569099508522118,
      "std": 0.019626506851008012,
      "ci_lo": 0.8337005217685318,
      "ci_hi": 0.8886019120502054
    }
  },
  "ece_bin_data": [
    {
      "bin_mid": 0.05,
      "avg_conf": 0.011791629317567645,
      "avg_acc": 0.0,
      "n": 3,
      "gap": 0.011791629317567645
    },
    {
      "bin_mid": 0.15000000000000002,
      "avg_conf": 0.13673183001086875,
      "avg_acc": 0.0,
      "n": 8,
      "gap": 0.13673183001086875
    },
    {
      "bin_mid": 0.25,
      "avg_conf": 0.26038136830704606,
      "avg_acc": 0.05263157894736842,
      "n": 19,
      "gap": 0.20774978935967764
    },
    {
      "bin_mid": 0.35000000000000003,
      "avg_conf": 0.35966523308205545,
      "avg_acc": 0.11764705882352941,
      "n": 17,
      "gap": 0.24201817425852604
    },
    {
      "bin_mid": 0.45,
      "avg_conf": 0.4441391080201747,
      "avg_acc": 0.20833333333333334,
      "n": 24,
      "gap": 0.23580577468684136
    },
    {
      "bin_mid": 0.55,
      "avg_conf": 0.5554222103601539,
      "avg_acc": 0.3157894736842105,
      "n": 19,
      "gap": 0.23963273667594343
    },
    {
      "bin_mid": 0.6500000000000001,
      "avg_conf": 0.6560695105956117,
      "avg_acc": 0.7058823529411765,
      "n": 17,
      "gap": -0.04981284234556482
    },
    {
      "bin_mid": 0.75,
      "avg_conf": 0.7445785691255746,
      "avg_acc": 0.75,
      "n": 28,
      "gap": -0.00542143087442537
    },
    {
      "bin_mid": 0.8500000000000001,
      "avg_conf": 0.8435261936135106,
      "avg_acc": 0.7272727272727273,
      "n": 22,
      "gap": 0.11625346634078326
    },
    {
      "bin_mid": 0.95,
      "avg_conf": 0.948667406269687,
      "avg_acc": 1.0,
      "n": 12,
      "gap": -0.05133259373031296
    }
  ]
}